{
  "threshold": 0.12131628938703208,
  "precision": 0.0847457627118644,
  "recall": 0.25,
  "f1": 0.12658227848101267,
  "roc_auc": 0.7531632653061225
}